user id,user name,user post
1,admin,Admin
111,Emma Brown,Qualité
112,Jean Dupont,Qualité
113,Maria Rossi,Qualité
211,David Johnson,Admin
212,Sophie Martin,Admin
213,Lucas Schneider,Admin
11,Carlos García,Maintenance
12,Tom Williams,Maintenance
13,Elena Petrova,Maintenance
1121,Markus Weber,Operateur
1122,Linda Chen,Operateur
1123,Noah Anderson,Operateur
1124,Noah Anderson,Operateur
1125,Olivia Taylor,Operateur
1126,Olivia Taylor,Operateur
1127,Zak Taylor,Operateur
1128,Zak Frind,Operateur
1129,Emma Wilson,Operateur